trade_date,ticker,side,quantity,price,fees
2023-01-17,VOO,BUY,10,363.20,0
2023-01-17,BND,BUY,40,72.10,0
2023-03-15,QQQ,BUY,8,290.40,0
2023-04-18,VXUS,BUY,50,56.30,0
2023-06-15,VOO,BUY,6,404.80,0
2023-07-17,GLD,BUY,10,184.50,0
2023-09-15,BND,BUY,30,70.40,0
2023-10-16,QQQ,BUY,6,360.20,0
2023-12-15,VOO,BUY,5,433.10,0
2024-02-15,VXUS,BUY,40,59.20,0
2024-03-15,VOO,BUY,5,469.70,0
2024-05-15,QQQ,BUY,5,447.80,0
2024-06-17,BND,BUY,25,71.90,0
2024-08-15,GLD,BUY,6,227.40,0
2024-09-16,VOO,BUY,4,517.30,0
2024-11-15,QQQ,SELL,6,496.10,0
2024-12-16,BND,BUY,20,72.60,0
2025-02-18,VOO,BUY,4,560.20,0
2025-04-15,VXUS,BUY,40,61.80,0
2025-05-15,GLD,SELL,6,297.20,0
2025-07-15,QQQ,BUY,4,555.40,0
2025-09-15,VOO,BUY,3,600.10,0
2026-01-15,BND,SELL,30,73.80,0
2026-03-16,VXUS,BUY,25,70.20,0
